t,x_bat,L0,L,L_seg,dL/dt,Explain,mode_câble,Scénario,Tbat,Trov,Tmax,U_bat_x,U_bat_y,U_rov_x,U_rov_y,x_rov,y_rov,Fx_rov,Fy_rov,Tr_cable_rov_x,Tr_cable_rov_y,Trainee_rov_x,Trainee_rov_y,Poids_app_rov,Sigma_f_rov_x,Sigma_f_rov_y,Tr_bat_cable_x,Tr_bat_cable_y,Tr_rov_cable_x,Tr_rov_cable_y,Poids_app_cable_y,Trainee_cable_x,Trainee_cable_y,Sigma_f_cable_x,Sigma_f_cable_y
0.1,0.0,403.0,403.0,403.2782132423563,0.0,HISTORY_LT2,caténaire,,0.008337781180859672,0.25502702417647527,0.25502702417647527,-0.007873599306806936,-0.9999690027365628,0.04857775897800516,-0.9988194037625995,29.99999793613693,-400.00142611050364,0.0,0.0,-0.01238864131332271,0.2547259402312971,1.263792921015742e-07,0.10514544866660894,8.829000000000008,-0.01238851493403061,-8.469128611102102,-6.564834812592463e-05,-0.008337522732459926,0.01238864131332271,-0.2547259402312971,0.24840133288962993,0.0,0.0,0.012322992965196785,-0.014662130074127061
0.2,0.0,403.0,403.0,403.73833620846517,0.0,PILOT_ASC_HOLD_ACC,caténaire,,0.008337781180859672,0.25502702417647527,0.25502702417647527,0.33655433630797077,-0.9416640476902053,0.048599681092896294,-0.9988183373355081,29.999991743128096,-400.0056696778519,0.0,0.0,-0.012394232045047051,0.25472566826356946,2.8442850592379075e-07,0.23370605690788723,8.829000000000008,-0.012393947616541128,-8.34056827482855,0.002806116411605316,-0.007851388775523539,0.012394232045047051,-0.25472566826356946,0.24840133288962993,0.0,0.0,0.015200348456652368,-0.014175724149463081
0.30000000000000004,0.0,403.0,403.0,402.77111126688243,0.0,PILOT_ASC_HOLD_ACC,caténaire,,0.008337781180859672,0.25502702417647527,0.25502702417647527,0.32250317414287805,-0.9465683824572678,0.04862203955683548,-0.9988172491849215,29.9999814183254,-400.0126297286523,0.0,0.0,-0.012399934057570618,0.2547253907557635,7.905570998582904e-07,0.6286842621144679,8.829000000000008,-0.01239914350047076,-7.945590347129777,0.002688960896135998,-0.007892280045648988,0.012399934057570618,-0.2547253907557635,0.24840133288962993,0.0,0.0,0.015088894953706616,-0.01421633791178259
0.4,0.0,403.0,403.0,403.31762406020016,0.0,PILOT_ASC_HOLD_ACC,caténaire,,0.008337781180859672,0.25502702417647527,0.25502702417647527,0.15851312411717722,-0.9873568703779867,0.04851694579218851,-0.9988223595670043,29.999966960284596,-400.0221483839928,0.0,0.0,-0.0123731323075132,0.2547266940412985,1.5502031442033732e-06,1.1758690878006846,8.829000000000008,-0.012371582104368995,-7.398404218158024,0.0013216477431834735,-0.008232365532630079,0.0123731323075132,-0.2547266940412985,0.24840133288962993,0.0,0.0,0.013694780050696673,-0.014557726684298639
0.5,0.0,403.0,403.0,403.0036234405898,0.0,PILOT_ASC_HOLD_ACC,caténaire,,0.008337781180859672,0.25502702417647527,0.25502702417647527,0.2234104896111277,-0.974724449848118,0.048530795500409084,-0.9988216867329712,29.999948375512194,-400.03402439978714,0.0,0.0,-0.012376664357386404,0.25472652245043725,2.561440162951132e-06,1.8304138903832057,8.829000000000008,-0.012374102917223453,-6.743859587166365,0.0018627477758863056,-0.008127039174467434,0.012376664357386404,-0.25472652245043725,0.24840133288962993,0.0,0.0,0.01423941213327271,-0.01445222873527477
0.6,0.0,403.0,403.0,403.2763440785784,0.0,PILOT_ASC_HOLD_ACC,caténaire,,0.008337781180859672,0.25502702417647527,0.25502702417647527,0.2276654197320914,-0.9737394192792087,0.04861002614468898,-0.9988178339207868,29.999925666338505,-400.04802863917376,0.0,0.0,-0.01239687031282069,0.25472553987921115,3.824479920154607e-06,2.545228758514199,8.829000000000008,-0.012393045832900535,-6.029045701606598,0.0018982244521747497,-0.008118826205127412,0.01239687031282069,-0.25472553987921115,0.24840133288962993,0.0,0.0,0.01429509476499544,-0.01444303319470866
0.7,0.0,403.0,403.0,403.2544501790654,0.0,PILOT_ASC_HOLD_ACC,caténaire,,0.008337781180859672,0.25502702417647527,0.25502702417647527,0.19014951336863234,-0.9817551438957028,0.04872234472118814,-0.9988123613196173,29.999898826765147,-400.0639192347606,0.0,0.0,-0.01242551458514501,0.25472414421802037,5.342209768848772e-06,3.277088122733971,8.829000000000008,-0.01242017237537616,-5.297187733048016,0.0015854250341146073,-0.00818565956298577,0.01242551458514501,-0.25472414421802037,0.24840133288962993,0.0,0.0,0.014010939619259616,-0.014508470891376218
0.7999999999999999,0.0,403.0,403.0,403.36253872189377,0.0,PILOT_ASC_HOLD_ACC,caténaire,,0.008337781180859672,0.25502702417647527,0.25502702417647527,0.1926244909419005,-0.9812725439394366,0.048827464301563685,-0.9988072280124327,29.999867848414706,-400.0814547388504,0.0,0.0,-0.012452322918910866,0.25472283508596494,7.116825182011453e-06,3.9906558820191287,8.829000000000008,-0.012445206093728855,-4.583621282894914,0.0016060608555480524,-0.00818163575015253,0.012452322918910866,-0.25472283508596494,0.24840133288962993,0.0,0.0,0.014058383774458918,-0.014503137946487527
0.8999999999999999,0.0,403.0,403.0,402.98313103780475,0.0,PILOT_ASC_HOLD_ACC,caténaire,,0.008337781180859672,0.25502702417647527,0.25502702417647527,0.18227755221552033,-0.9832471174421606,0.04890516325128953,-0.9988034266097433,29.999832722629897,-400.1004043068225,0.0,0.0,-0.012472138250841085,0.2547218656255493,9.150014744546559e-06,4.660219747487154,8.829000000000008,-0.012462988236096538,-3.914058386887305,0.0015197903445557316,-0.008198099311943766,0.012472138250841085,-0.2547218656255493,0.24840133288962993,0.0,0.0,0.013991928595396816,-0.014518632047863161
0.9999999999999999,0.0,403.0,403.0,403.14082388647427,0.0,PILOT_ASC_HOLD_ACC,caténaire,,0.008337781180859672,0.25502702417647527,0.25502702417647527,0.18550984122110073,-0.9826424063768681,0.04898619748585978,-0.9987994555744794,29.99979344226729,-400.1205546629371,0.0,0.0,-0.012492804170539953,0.25472085290424307,1.1442494110579097e-05,5.269546259345289,8.829000000000008,-0.012481361676429374,-3.3047328877504754,0.0015467404629975594,-0.008193057363403712,0.012492804170539953,-0.25472085290424307,0.24840133288962993,0.0,0.0,0.014039544633537513,-0.014512577378016839
1.0999999999999999,0.0,403.0,403.0,403.06027027585634,0.0,PILOT_ASC_HOLD_ACC,caténaire,,0.008337781180859672,0.25502702417647527,0.25502702417647527,0.176698410569211,-0.984265041389927,0.049067718156365285,-0.9987954540519932,29.99975000160804,-400.14171411265033,0.0,0.0,-0.012513594144547844,0.25471983240787127,1.3994665937680546e-05,5.810540167311824,8.829000000000008,-0.012499599478610164,-2.763740000280312,0.0014732726823317834,-0.008206586539078999,0.012513594144547844,-0.25471983240787127,0.24840133288962993,0.0,0.0,0.013986866826879628,-0.014525086057320363
1.2,0.0,403.0,403.0,402.9263132662748,0.0,PILOT_ASC_HOLD_ACC,caténaire,,0.008337781180859672,0.25502702417647527,0.25502702417647527,0.20741510002689317,-0.9782530226280081,0.04916834537861101,-0.9987905054678532,29.999702394634358,-400.1637141500828,0.0,0.0,-0.012539256805588317,0.25471857038518414,1.6807799961446555e-05,6.281373375152215,8.829000000000008,-0.01252244900562687,-2.2929080544626084,0.0017293817176303563,-0.008156459642186897,0.012539256805588317,-0.25471857038518414,0.24840133288962993,0.0,0.0,0.014268638523218673,-0.014473697137741132
1.3,0.0,403.0,403.0,402.95216570952465,0.0,PILOT_ASC_HOLD_ACC,caténaire,,0.008337781180859672,0.25502702417647527,0.25502702417647527,0.22944850697375083,-0.9733208015076615,0.04930666843289514,-0.9987836865147771,29.9996506134138,-400.1864092991107,0.0,0.0,-0.012574532922497399,0.25471683136787315,1.9884482256221388e-05,6.6845757268295,8.829000000000008,-0.012554648440241178,-1.889707441802634,0.0019130914434220888,-0.008115335861749833,0.012574532922497399,-0.25471683136787315,0.24840133288962993,0.0,0.0,0.014487624365919488,-0.014430834339993065
1.4000000000000001,0.0,403.0,403.0,402.8395073439221,0.0,PILOT_ASC_HOLD_ACC,caténaire,,0.008337781180859672,0.25502702417647527,0.25502702417647527,0.21072118443785454,-0.977546204754081,0.049470933168621375,-0.9987755637636645,29.999594647658796,-400.2096757871282,0.0,0.0,-0.012616424869226796,0.2547147598468288,2.3228141076154046e-05,7.0253737924661825,8.829000000000008,-0.012593196728150641,-1.5489114476869963,0.0017569471260144034,-0.008150566349419372,0.012616424869226796,-0.2547147598468288,0.24840133288962993,0.0,0.0,0.0143733719952412,-0.014463993306618211
1.5000000000000002,0.0,403.0,403.0,402.8441664041157,0.0,PILOT_ASC_HOLD_ACC,caténaire,,0.008337781180859672,0.25502702417647527,0.25502702417647527,0.20048167877409714,-0.9796974515001659,0.049605277664585376,-0.9987689004108103,29.999534484794932,-400.23340954528976,0.0,0.0,-0.012650686346246984,0.25471306051177933,2.6842732516676227e-05,7.310394186034109,8.829000000000008,-0.012623843613730307,-1.2638927534541198,0.0016715723683898211,-0.008168502974054264,0.012650686346246984,-0.25471306051177933,0.24840133288962993,0.0,0.0,0.014322258714636805,-0.014480230596203653
1.6000000000000003,0.0,403.0,403.0,402.76926486672033,0.0,PILOT_ASC_HOLD_ACC,caténaire,,0.008337781180859672,0.25502702417647527,0.25502702417647527,0.18283056044491236,-0.9831444381002209,0.0497019384885522,-0.9987640949245624,29.999470114907137,-400.2575239045757,0.0,0.0,-0.012675337468537688,0.2547118349829218,3.072806588447655e-05,7.546737157899991,8.829000000000008,-0.01264460940265321,-1.0275510071170952,0.0015244012061636169,-0.008197243194058878,0.012675337468537688,-0.2547118349829218,0.24840133288962993,0.0,0.0,0.014199738674701305,-0.014507745287350798
1.7000000000000004,0.0,403.0,403.0,403.07031420416473,0.0,PILOT_ASC_HOLD_ACC,caténaire,,0.008337781180859672,0.25502702417647527,0.25502702417647527,0.19319941902758841,-0.9811595102160516,0.049813532274796,-0.9987585353839574,29.99940153123881,-400.28194724202564,0.0,0.0,-0.01270379689976003,0.25471041714982556,3.488278426550345e-05,7.741369371452773,8.829000000000008,-0.012668914115494527,-0.8329202113974095,0.0016108544801212486,-0.008180693299700888,0.01270379689976003,-0.25471041714982556,0.24840133288962993,0.0,0.0,0.014314651379881279,-0.014489777559896527
1.8000000000000005,0.0,403.0,403.0,402.70187778522495,0.0,PILOT_ASC_HOLD_ACC,caténaire,,0.008337781180859672,0.25502702417647527,0.25502702417647527,0.20389538851990763,-0.9789926815560553,0.04995853505556022,-0.9987512927526564,29.999328725634417,-400.3066207365146,0.0,0.0,-0.012740776527435644,0.25470857008311765,3.930966512640665e-05,7.900764104603548,8.829000000000008,-0.012701466862309238,-0.6735273253133425,0.001700035133265357,-0.008162626756477423,0.012740776527435644,-0.25470857008311765,0.24840133288962993,0.0,0.0,0.014440811660701002,-0.014469863949965162
1.9000000000000006,0.0,403.0,403.0,403.0414441090283,0.0,PILOT_ASC_HOLD_ACC,caténaire,,0.008337781180859672,0.25502702417647527,0.25502702417647527,0.20681031762961674,-0.9783810569108219,0.050162192232126715,-0.998741084801495,29.999251686303005,-400.3314963225447,0.0,0.0,-0.01279271461112758,0.25470596677971,4.401439446198076e-05,8.030718659249775,8.829000000000008,-0.012748700216665599,-0.5435753739705227,0.0017243391743398295,-0.008157527164020646,0.01279271461112758,-0.25470596677971,0.24840133288962993,0.0,0.0,0.014517053785467408,-0.014462161054100725
2.0000000000000004,0.0,403.0,403.0,403.06486554191656,0.0,PILOT_ASC_HOLD_ACC,caténaire,,0.008337781180859672,0.25502702417647527,0.25502702417647527,0.21071640730602248,-0.9775472345068765,0.050303245620091634,-0.9987339903498252,29.999170399302404,-400.3565348818322,0.0,0.0,-0.012828687036910282,0.2547041575028125,4.900178707690393e-05,8.136290417597149,8.829000000000008,-0.012779685249833379,-0.43800542490004624,0.0017569072953345156,-0.008150574935272851,0.012828687036910282,-0.2547041575028125,0.24840133288962993,0.0,0.0,0.014585594332244798,-0.014453399548455398
2.1000000000000005,0.0,403.0,403.0,402.7305495927391,0.0,PILOT_ASC_HOLD_ACC,caténaire,,0.008337781180859672,0.25502702417647527,0.25502702417647527,0.19545366647432683,-0.9807129367260038,0.05040510282196132,-0.998728854899821,29.999084853914287,-400.38170468081745,0.0,0.0,-0.01285466337599405,0.2547028478242801,5.427038758298751e-05,8.221806739268867,8.829000000000008,-0.012800392988411064,-0.35249041290686023,0.0016296499020596652,-0.008176969867659697,0.01285466337599405,-0.2547028478242801,0.24840133288962993,0.0,0.0,0.014484313278053716,-0.014478484802309871
2.2000000000000006,0.0,403.0,403.0,402.74884446155426,0.0,PILOT_ASC_HOLD_ACC,caténaire,,0.008337781180859672,0.25502702417647527,0.25502702417647527,0.20314481883070018,-0.9791487029977838,0.05053751374489178,-0.9987221634190787,29.998995042045195,-400.4069800436644,0.0,0.0,-0.012888431739637466,0.2547011413158591,5.981873028973298e-05,8.290917004322253,8.829000000000008,-0.012828613009347734,-0.28338185436189534,0.0016937770474357594,-0.008163927629118078,0.012888431739637466,-0.2547011413158591,0.24840133288962993,0.0,0.0,0.014582208787073225,-0.01446373605534726
2.3000000000000007,0.0,403.0,403.0,403.0020316350845,0.0,PILOT_ASC_HOLD_ACC,caténaire,,0.008337781180859672,0.25502702417647527,0.25502702417647527,0.1843641703607889,-0.9828580023010334,0.05074388685772991,-0.9987116991136981,29.99890095443921,-400.43234023950185,0.0,0.0,-0.012941062460474611,0.2546984726351978,6.564997387958556e-05,8.346664858146339,8.829000000000008,-0.012875412486595026,-0.22763666921847125,0.0015371881100589922,-0.008194854955042888,0.012941062460474611,-0.2546984726351978,0.24840133288962993,0.0,0.0,0.014478250570533603,-0.014491994700610772
2.400000000000001,0.0,403.0,403.0,403.180269004818,0.0,PILOT_ASC_HOLD_ACC,caténaire,,0.008337781180859672,0.25502702417647527,0.25502702417647527,0.17560372712927153,-0.9844609342265992,0.050939992571430566,-0.998701715807489,29.998802575923037,-400.45776855839966,0.0,0.0,-0.012991074717063693,0.2546959266223238,7.177451340962816e-05,8.391567038749569,8.829000000000008,-0.012919300203654066,-0.18273703462811497,0.0014641454513472571,-0.00820821985068607,0.012991074717063693,-0.2546959266223238,0.24840133288962993,0.0,0.0,0.01445522016841095,-0.014502813583379986
2.500000000000001,0.0,403.0,403.0,403.0599541563534,0.0,PILOT_ASC_HOLD_ACC,caténaire,,0.008337781180859672,0.25502702417647527,0.25502702417647527,0.1879475956128614,-0.9821790576587062,0.051061429562887846,-0.99869551436411,29.99869989236097,-400.48325154934207,0.0,0.0,-0.013022044431619988,0.25469434508667327,7.819366561954463e-05,8.4276903336185,8.829000000000008,-0.012943850766000443,-0.1466153212948349,0.0015670659256887395,-0.008189194063181247,0.013022044431619988,-0.25469434508667327,0.24840133288962993,0.0,0.0,0.014589110357308727,-0.01448220626022459
2.600000000000001,0.0,403.0,403.0,403.35498034531423,0.0,PILOT_ASC_HOLD_ACC,caténaire,,0.008337781180859672,0.25502702417647527,0.25502702417647527,0.20734508617879266,-0.978267864767881,0.05118216952935624,-0.9986893338382404,29.998592896177044,-400.50877839609444,0.0,0.0,-0.01305283638596759,0.2546927688855529,8.48997279086629e-05,8.456723128634541,8.829000000000008,-0.012967936658058926,-0.11758410247991335,0.0017287979574852643,-0.008156583392701412,0.01305283638596759,-0.2546927688855529,0.24840133288962993,0.0,0.0,0.014781634343452853,-0.014448019388624417
2.700000000000001,0.0,403.0,403.0,402.8959764476517,0.0,PILOT_ASC_HOLD_ACC,caténaire,,0.008337781180859672,0.25502702417647527,0.25502702417647527,0.1942191660189387,-0.9809581619778227,0.05140655616376485,-0.9986778088970345,29.998481578035257,-400.53434040896485,0.0,0.0,-0.013110061041605791,0.2546898297140934,9.189705997197302e-05,8.480039362787014,8.829000000000008,-0.013018163981633819,-0.0942708074988996,0.0016193569073949675,-0.008179014502149383,0.013110061041605791,-0.2546898297140934,0.24840133288962993,0.0,0.0,0.014729417949000758,-0.014467511326612809
2.800000000000001,0.0,403.0,403.0,402.9107867422171,0.0,PILOT_ASC_HOLD_ACC,caténaire,,0.008337781180859672,0.25502702417647527,0.25502702417647527,0.1685551050994001,-0.985692232162215,0.05161116443334235,-0.9986672557492984,29.998365922341097,-400.5599306117747,0.0,0.0,-0.01316224167971804,0.2546871383762305,9.919819281068092e-05,8.498753351475372,8.829000000000008,-0.01306304348690736,-0.07555951014840545,0.0014053755832356023,-0.00821848614344168,0.01316224167971804,-0.2546871383762305,0.24840133288962993,0.0,0.0,0.014567617262953643,-0.01450429163004227
2.9000000000000012,0.0,403.0,403.0,402.9701743480676,0.0,PILOT_ASC_HOLD_ACC,caténaire,,0.008337781180859672,0.25502702417647527,0.25502702417647527,0.2248076288019412,-0.9744031660624101,0.051730624174916154,-0.9986610749010266,29.99824591449576,-400.58554340680325,0.0,0.0,-0.013192707142120497,0.2546855620928889,0.00010680436389898092,8.51376616335649,8.829000000000008,-0.013085902778221517,-0.060548274550630055,0.0018743968167385119,-0.008124360380565245,0.013192707142120497,-0.2546855620928889,0.24840133288962993,0.0,0.0,0.01506710395885901,-0.01440858958382421
3.0000000000000013,0.0,403.0,403.0,403.0801927968165,0.0,PILOT_ASC_HOLD_ACC,caténaire,,0.008337781180859672,0.25502702417647527,0.25502702417647527,0.14788701877265167,-0.9890042617089865,0.051892573740428126,-0.9986526727499376,29.998121545691003,-400.6111743041943,0.0,0.0,-0.01323400865787969,0.2546834193173,0.00011470771861223393,8.52580497010516,8.829000000000008,-0.013119300939267456,-0.048511610577548936,0.001233049602016056,-0.008246101121067202,0.01323400865787969,-0.2546834193173,0.24840133288962993,0.0,0.0,0.014467058259895747,-0.014528187548737276
3.1000000000000014,0.0,403.0,403.0,403.12332562949706,0.0,PILOT_ASC_HOLD_ACC,caténaire,,0.008337781180859672,0.25502702417647527,0.25502702417647527,0.22516638754781373,-0.9743203261344123,0.05214816166224031,-0.998639358945585,29.997992804694665,-400.6368197043136,0.0,0.0,-0.0132991904849949,0.25468002393739547,0.00012291459452852806,8.535456010578654,8.829000000000008,-0.013176275890466372,-0.03886396548395865,0.001877388068658317,-0.008123669679372562,0.0132991904849949,-0.25468002393739547,0.24840133288962993,0.0,0.0,0.015176578553653218,-0.014402360727138103
3.2000000000000015,0.0,403.0,403.0,403.5248312936488,0.0,PILOT_ASC_HOLD_ACC,caténaire,,0.008337781180859672,0.25502702417647527,0.25502702417647527,0.13567370304605395,-0.9907535749629023,0.0523407859582054,-0.9986292816282114,29.997859674240132,-400.6624767222503,0.0,0.0,-0.013348314885978966,0.254677453949134,0.00013143909212450506,8.543191185713935,8.829000000000008,-0.01321687579385446,-0.031131360336939196,0.0011312176479949321,-0.008260686512195128,0.013348314885978966,-0.254677453949134,0.24840133288962993,0.0,0.0,0.014479532533973898,-0.0145368075716992
3.3000000000000016,0.0,403.0,403.0,403.22724767001665,0.0,PILOT_ASC_HOLD_ACC,caténaire,,0.008337781180859672,0.25502702417647527,0.25502702417647527,0.2417846598700658,-0.9703299326783219,0.05245766931921567,-0.9986231486049157,29.997722141087937,-400.6881430460148,0.0,0.0,-0.01337812330171316,0.2546758898624537,0.00014027636873694858,8.549389558719572,8.829000000000008,-0.013237846932976211,-0.02493455141798151,0.002015947586885191,-0.008090398651910144,0.01337812330171316,-0.2546758898624537,0.24840133288962993,0.0,0.0,0.01539407088859835,-0.014364955624733916
3.4000000000000017,0.0,403.0,403.0,403.3141208241014,0.0,PILOT_ASC_HOLD_ACC,caténaire,,0.008337781180859672,0.25502702417647527,0.25502702417647527,0.15377090670888582,-0.988106526772254,0.05270006720793246,-0.9986103859445281,29.997580195598,-400.71381682310255,0.0,0.0,-0.013439941313939262,0.2546726350391545,0.00014942143999188787,8.55435564712681,8.829000000000008,-0.013290519873947373,-0.019971717834042835,0.0012821081721210764,-0.008238616003606312,0.013439941313939262,-0.2546726350391545,0.24840133288962993,0.0,0.0,0.014722049486060339,-0.01450991815313088
3.5000000000000018,0.0,403.0,403.0,403.05521965645517,0.0,PILOT_ASC_HOLD_ACC,caténaire,,0.008337781180859672,0.25502702417647527,0.25502702417647527,0.21970191256685923,-0.9755670502915031,0.05295878788169961,-0.9985966987658736,29.997433822044595,-400.739496569813,0.0,0.0,-0.013505922077463033,0.25466914443871286,0.00015888941028568485,8.558334197873533,8.829000000000008,-0.013347032667177348,-0.015996657687761484,0.0018318264719988358,-0.008134064592587276,0.013505922077463033,-0.25466914443871286,0.24840133288962993,0.0,0.0,0.015337748549461868,-0.014401876141670183
3.600000000000002,0.0,403.0,403.0,402.91988425500324,0.0,PILOT_ASC_HOLD_ACC,caténaire,,0.008337781180859672,0.25502702417647527,0.25502702417647527,0.1778561966670786,-0.9840564888801462,0.05307866355265234,-0.9985903341588404,29.99728300349047,-400.76518109778203,0.0,0.0,-0.013536493613097264,0.2546675212919211,0.0001686860881671641,8.561521411393763,8.829000000000008,-0.0133678075249301,-0.01281106731432402,0.0014829260494700447,-0.008204847673887728,0.013536493613097264,-0.2546675212919211,0.24840133288962993,0.0,0.0,0.01501941966256731,-0.014471036076178917
3.700000000000002,0.0,403.0,403.0,403.25001638863034,0.0,PILOT_ASC_HOLD_ACC,caténaire,,0.008337781180859672,0.25502702417647527,0.25502702417647527,0.21114374506959285,-0.977455021429624,0.05330629358146141,-0.9985782087871771,29.99712773003435,-400.79086945491673,0.0,0.0,-0.013594545421957647,0.2546644289944688,0.00017879861923582405,8.564074382406778,8.829000000000008,-0.013415746802721822,-0.01026118859876135,0.0017604703440974835,-0.008149806082812707,0.013594545421957647,-0.2546644289944688,0.24840133288962993,0.0,0.0,0.01535501576605513,-0.014412902187651538
3.800000000000002,0.0,403.0,403.0,402.8696337997222,0.0,PILOT_ASC_HOLD_ACC,caténaire,,0.008337781180859672,0.25502702417647527,0.25502702417647527,0.1521784196849075,-0.988353038434245,0.05360209419389537,-0.9985623743652815,29.99696798693769,-400.8165608789878,0.0,0.0,-0.013669982571896258,0.2546603907889732,0.00018924042699626297,8.566119436427096,8.829000000000008,-0.013480742144899995,-0.00822017278393794,0.0012688303637817867,-0.008240671363902524,0.013669982571896258,-0.2546603907889732,0.24840133288962993,0.0,0.0,0.014938812935678045,-0.014499729263245748
3.900000000000002,0.0,403.0,403.0,402.9844616193099,0.0,PILOT_ASC_HOLD_ACC,caténaire,,0.008337781180859672,0.25502702417647527,0.25502702417647527,0.21243891749425534,-0.9771743479716752,0.05373176087919988,-0.9985554055097897,29.9968037553195,-400.84225475979673,0.0,0.0,-0.013703051080784297,0.2546586135424952,0.00020002453304748764,8.567757782072597,8.829000000000008,-0.013503026547736809,-0.006583604384914565,0.0017712692083658027,-0.008147465888937054,0.013703051080784297,-0.2546586135424952,0.24840133288962993,0.0,0.0,0.0154743202891501,-0.014404746541802321
4.000000000000002,0.0,403.0,403.0,402.8768688649487,0.0,PILOT_ASC_HOLD_ACC,caténaire,,0.008337781180859672,0.25502702417647527,0.25502702417647527,0.17658235644001405,-0.9842858687363605,0.05396514489798825,-0.9985428198811201,29.9966350236171,-400.86795060837767,0.0,0.0,-0.013762570312586242,0.2546554038670682,0.00021113639292528387,8.569070159873835,8.829000000000008,-0.013551433919660958,-0.005274436259105286,0.0014723050483974038,-0.00820676019293614,0.013762570312586242,-0.2546554038670682,0.24840133288962993,0.0,0.0,0.015234875360983646,-0.014460831170374416
4.100000000000001,0.0,403.0,403.0,403.22485045104554,0.0,PILOT_ASC_HOLD_ACC,caténaire,,0.008337781180859672,0.25502702417647527,0.25502702417647527,0.17479794984259495,-0.9846043249604512,0.05427015337333,-0.9985262893148257,29.996461776877286,-400.8936480333893,0.0,0.0,-0.013840355716401251,0.2546511881259382,0.0002225870340583023,8.570121610618639,8.829000000000008,-0.013617768682342948,-0.004227201255430302,0.001457427056650441,-0.008209415411248292,0.013840355716401251,-0.2546511881259382,0.24840133288962993,0.0,0.0,0.015297782773051691,-0.01445927064755656
4.200000000000001,0.0,403.0,403.0,402.88919781160837,0.0,PILOT_ASC_HOLD_ACC,caténaire,,0.008337781180859672,0.25502702417647527,0.25502702417647527,0.21502267238139652,-0.9766090570755335,0.054410221495359415,-0.9985186667242759,29.996283995566422,-400.9193467216996,0.0,0.0,-0.0138760768727444,0.25464924415935375,0.00023439153835622508,8.57096425452055,8.829000000000008,-0.013641685334388176,-0.003386501320104429,0.0017928119912397626,-0.008142752617141492,0.0138760768727444,-0.25464924415935375,0.24840133288962993,0.0,0.0,0.015668888863984164,-0.014390663886865301
4.300000000000001,0.0,403.0,403.0,403.0459557131273,0.0,PILOT_ASC_HOLD_ACC,caténaire,,0.008337781180859672,0.25502702417647527,0.25502702417647527,0.15028974916969723,-0.9886419934913293,0.05469728204564905,-0.9985029831386678,29.996101667947173,-400.94504642222086,0.0,0.0,-0.013949285070643226,0.2546452444211877,0.0002465327632570332,8.571639448128826,8.829000000000008,-0.013702752307386193,-0.0027153074499945973,0.001253083042303222,-0.008243080607939596,0.013949285070643226,-0.2546452444211877,0.24840133288962993,0.0,0.0,0.015202368112946448,-0.014486992139497362
4.4,0.0,403.0,403.0,403.291868039715,0.0,PILOT_ASC_HOLD_ACC,caténaire,,0.008337781180859672,0.25502702417647527,0.25502702417647527,0.21095030318182276,-0.9774967875075073,0.05498454065198877,-0.9984872058716076,29.995914775927822,-400.97074693425014,0.0,0.0,-0.014022543778187126,0.2546412207917197,0.0002590306970665882,8.57218078237061,8.829000000000008,-0.013763513081120537,-0.002177996837676943,0.001758857467966044,-0.008150154319230881,0.014022543778187126,-0.2546412207917197,0.24840133288962993,0.0,0.0,0.01578140124615317,-0.014390042221320648
4.5,0.0,403.0,403.0,403.1196099867209,0.0,PILOT_ASC_HOLD_ACC,caténaire,,0.008337781180859672,0.25502702417647527,0.25502702417647527,0.16203649181367655,-0.9867847664616212,0.055131389354446454,-0.998479108398292,29.99572330051058,-400.99644809712646,0.0,0.0,-0.014059994165779088,0.2546391557171967,0.0002718915873871771,8.572614956524196,8.829000000000008,-0.01378810257839191,-0.0017458877586147281,0.0013510248120565946,-0.008227595455362712,0.014059994165779088,-0.2546391557171967,0.24840133288962993,0.0,0.0,0.015411018977835683,-0.014465418282929493
4.6,0.0,403.0,403.0,403.06559801512304,0.0,PILOT_ASC_HOLD_ACC,caténaire,,0.008337781180859672,0.25502702417647527,0.25502702417647527,0.19093239200578996,-0.9816031895236219,0.055493911352343876,-0.9984590256003588,29.995527229057824,-401.02214978193103,0.0,0.0,-0.014152447072101377,0.25463403406100266,0.0002851008121674178,8.5729631380781,8.829000000000008,-0.013867346259933959,-0.001402827860905731,0.0015919525048823972,-0.008184392600681885,0.014152447072101377,-0.25463403406100266,0.24840133288962993,0.0,0.0,0.015744399576983776,-0.014417093772054607
4.699999999999999,0.0,403.0,403.0,402.8806066911508,0.0,PILOT_ASC_HOLD_ACC,caténaire,,0.008337781180859672,0.25502702417647527,0.25502702417647527,0.20584284590362137,-0.9785850616018508,0.055691616546053334,-0.9984480175985565,29.99532654009342,-401.0478518858928,0.0,0.0,-0.014202867239317334,0.2546312267230609,0.0002986872641783647,8.573242765529544,8.829000000000008,-0.013904179975138969,-0.0011260077474020136,0.0017162726067898116,-0.008159228110494314,0.014202867239317334,-0.2546312267230609,0.24840133288962993,0.0,0.0,0.015919139846107145,-0.014389121943925248
4.799999999999999,0.0,403.0,403.0,403.0574865154956,0.0,PILOT_ASC_HOLD_ACC,caténaire,,0.008337781180859672,0.25502702417647527,0.25502702417647527,0.1696612266499055,-0.9855024445285,0.055980774546344175,-0.9984318468885052,29.995121218426558,-401.0735543264167,0.0,0.0,-0.014276610343648327,0.25462710275499767,0.00031263621472236877,8.573467295625152,8.829000000000008,-0.013963974128925959,-0.0009056016198574213,0.0014145981826831494,-0.00821690373568093,0.014276610343648327,-0.25462710275499767,0.24840133288962993,0.0,0.0,0.015691208526331477,-0.0144426736010487
4.899999999999999,0.0,403.0,403.0,402.9483617088114,0.0,PILOT_ASC_HOLD_ACC,caténaire,,0.008337781180859672,0.25502702417647527,0.25502702417647527,0.18015697683054094,-0.9836378722371765,0.05629227907994577,-0.9984143324872623,29.99491124547146,-401.09925703757807,0.0,0.0,-0.014356052417870224,0.25462263610936847,0.00032696136812625167,8.573647847650701,8.829000000000008,-0.014029091049743972,-0.0007295162399376665,0.0015021094510182561,-0.00820135733991998,0.014356052417870224,-0.25462263610936847,0.24840133288962993,0.0,0.0,0.01585816186888848,-0.014422660559658546
4.999999999999998,0.0,403.0,403.0,403.0386784812002,0.0,PILOT_ASC_HOLD_ACC,caténaire,,0.008337781180859672,0.25502702417647527,0.25502702417647527,0.20397946987095403,-0.97897516611565,0.05649851141967313,-0.9984026833935098,29.994696600762786,-401.124959966679,0.0,0.0,-0.014408647237759843,0.2546196652756544,0.000341672554731412,8.573793244360822,8.829000000000008,-0.014066974683028432,-0.0005870903635312175,0.0017007361851717729,-0.008162480716568037,0.014408647237759843,-0.2546196652756544,0.24840133288962993,0.0,0.0,0.016109383422931615,-0.01438081310259251
5.099999999999998,0.0,403.0,403.0,402.79373502006695,0.0,PILOT_ASC_HOLD_ACC,caténaire,,0.008337781180859672,0.25502702417647527,0.25502702417647527,0.19778965644478302,-0.9802444857296851,0.05688242553247745,-0.9983808840645648,29.994477268775228,-401.15066307131025,0.0,0.0,-0.01450655571148768,0.25461410585766453,0.00035675795800414436,8.573910348974259,8.829000000000008,-0.014149797753483536,-0.00047554516808467895,0.0016491268752740118,-0.008173064025758436,0.01450655571148768,-0.25461410585766453,0.24840133288962993,0.0,0.0,0.016155682586761692,-0.01438583699379306
